event_id,origin_time,year,region_name,japanese_region_name,latitude,longitude,depth_km,magnitude,current_station_count,current_max_intensity,current_max_class_index,current_max_class,current_max_station_code,current_max_station_name,current_max_station_epicentral_distance_km,counterfactual_year_end,counterfactual_active_station_count,counterfactual_matched_station_count,counterfactual_matched_fraction,counterfactual_max_intensity,counterfactual_max_class_index,counterfactual_max_class,max_intensity_drop,max_class_drop,match_radius_km,current_nearest_epicentral_distance_km,current_median_epicentral_distance_km,counterfactual_nearest_epicentral_distance_km,counterfactual_median_epicentral_distance_km,counterfactual_match_distance_median_km,counterfactual_match_distance_max_km,analysis_status,counterfactual_max_station_code,counterfactual_max_station_name,counterfactual_max_station_epicentral_distance_km,counterfactual_max_source_station_code,counterfactual_max_source_station_name,counterfactual_max_source_match_distance_km,current_station_count_within_20km,counterfactual_matched_count_within_20km,current_station_count_within_50km,counterfactual_matched_count_within_50km,current_station_count_within_100km,counterfactual_matched_count_within_100km,current_density_national_per_10000km2,counterfactual_active_density_national_per_10000km2,counterfactual_matched_density_national_per_10000km2
i2011_000325,2011-03-11 14:46:18.12,2011,FAR E OFF MIYAGI PREF,三陸沖,38.1035,142.861,23.74,9.0,2775,6.6,9,7,2205220,栗原市築館（旧）＊,175.27438465999788,1994,450,321,0.7133333333333334,6.6,9,7,0.0,0,10.0,120.91529730146543,462.4200192058103,137.407363488831,496.28810563607726,0.0,9.503536295364558,ok,2205271,築館通報所,173.9443751222975,2205220,栗原市築館（旧）＊,1.4599568423929554,0,0,0,0,0,0,73.41750356888437,11.905541119278547,8.49261933175203
i2011_000358,2011-03-11 15:15:34.25,2011,FAR E OFF IBARAKI PREF,茨城県沖,36.12083333333333,141.2525,42.7,7.6,1904,6.0,8,6+,3016120,鉾田市当間＊,69.2544886572378,1994,450,233,0.5177777777777778,5.1,6,5+,0.9000000000000004,2,10.0,56.30310230881249,271.8867926296964,56.30310230881249,303.7972019093382,0.0,9.689437031583138,ok,3000000,水戸市金町（旧）,76.27170732555001,3000001,水戸市金町,0.0,0,0,0,0,88,6,50.373667313569676,11.905541119278547,6.164424623982004
i2011_000444,2011-03-11 16:28:59.83,2011,E OFF IWATE PREF,岩手県沖,39.0225,142.31116666666668,16.97,6.6,1225,5.2,6,5+,2205700,大崎市古川三日町,128.3921547614081,1994,450,164,0.36444444444444446,4.6,5,5-,0.6000000000000005,1,10.0,46.92696443830132,362.66374090076613,51.57547654100171,309.8228183614417,0.0,9.654608975738965,ok,2205271,築館通報所,115.19138380372812,2205220,栗原市築館（旧）＊,1.4414061808962089,0,0,1,0,23,6,32.40952860248049,11.905541119278547,4.338908319025959
i2011_000513,2011-03-11 17:40:54.53,2011,E OFF FUKUSHIMA PREF,福島県沖,37.424,141.27316666666667,29.91,6.0,976,5.0,6,5+,2510530,富岡町本岡＊,24.109466995886688,1994,450,119,0.2644444444444444,4.9,5,5-,0.09999999999999964,1,10.0,22.830518472011217,213.96784710086578,22.830518472011217,184.55402122162215,0.0,9.437826758654733,ok,2504734,田村市都路町＊,41.79402590140828,2504734,田村市都路町＊,0.0,0,0,17,4,86,22,25.821795849813025,11.905541119278547,3.1483542070981048
i2011_000969,2011-03-12 03:59:15.62,2011,MID NIIGATA PREF,長野県北部,36.986,138.59783333333334,8.38,6.7,1253,6.4,8,6+,4203130,栄村北信＊,1.321615956803841,1994,450,148,0.3288888888888889,5.0,6,5+,1.4000000000000004,2,10.0,1.321615956803841,157.9107730626765,23.4110947976683,165.6325708563919,0.0,9.625624254493239,ok,3710540,十日町市水口沢＊,23.4110947976683,3710540,十日町市水口沢＊,0.0,7,0,69,5,240,29,33.15031782768004,11.905541119278547,3.9156001903404998
i2011_001008,2011-03-12 04:31:55.60,2011,MID NIIGATA PREF,長野県北部,36.94883333333333,138.5725,0.78,5.9,627,5.5,7,6-,4203130,栄村北信＊,3.9551261189649765,1994,450,102,0.22666666666666666,3.4,3,3,2.1,4,10.0,3.9551261189649765,121.13527164523866,28.113872342175537,138.46910992369192,0.0,9.629635947090627,ok,3710540,十日町市水口沢＊,28.113872342175537,3710540,十日町市水口沢＊,0.0,6,0,69,5,227,26,16.58838729286144,11.905541119278547,2.698589320369804
i2011_001085,2011-03-12 05:42:19.80,2011,MID NIIGATA PREF,長野県北部,36.973166666666664,138.5905,3.79,5.3,100,5.9,7,6-,4203130,栄村北信＊,1.2974084844071103,1994,450,23,0.051111111111111114,2.3,2,2,3.6000000000000005,5,10.0,1.2974084844071103,41.953726286092504,24.970821468781722,121.65143588767747,4.813504908056969,9.459913746887006,ok,3710540,十日町市水口沢＊,24.970821468781722,3710540,十日町市水口沢＊,0.0,6,0,61,6,84,10,2.6456758042841213,11.905541119278547,0.6085054349853479
i2011_002342,2011-03-15 22:31:46.34,2011,MT. FUJI REGION,静岡県東部,35.3095,138.7145,14.31,6.4,1499,6.3,8,6+,4410221,富士宮市野中＊,14.650123997998772,1994,450,147,0.32666666666666666,6.0,8,6+,0.2999999999999998,0,10.0,13.618168623424664,140.07838449122636,12.6831553814897,172.59045866485596,0.0,9.803387655692399,ok,4410270,大宮測候所,12.6831553814897,4410201,富士宮市弓沢町,1.5140294906662817,11,1,111,9,411,30,39.65868030621898,11.905541119278547,3.889143432297659
i2011_003004,2011-03-19 18:56:48.06,2011,NORTHERN IBARAKI PREF,茨城県北部,36.78366666666667,140.5715,5.37,6.1,1153,5.1,6,5+,3000120,日立市助川小学校＊,23.350040345048633,1994,450,137,0.30444444444444446,4.5,5,5-,0.5999999999999996,1,10.0,13.659327991214615,155.6245915013291,18.57457733025284,176.22146653366715,0.0,9.68157747789924,ok,3000200,常陸太田市町屋町,18.57457733025284,3000232,常陸太田市町田町＊,7.429701835987127,5,1,51,6,183,27,30.504642023395924,11.905541119278547,3.6245758518692464
i2011_003478,2011-03-23 07:12:28.78,2011,EASTERN FUKUSHIMA PREF,福島県浜通り,37.084833333333336,140.78783333333334,7.6,6.0,854,5.0,6,5+,2510001,いわき市三和町,2.0021693519569355,1994,450,95,0.2111111111111111,4.4,4,4,0.5999999999999996,2,10.0,2.0021693519569355,160.32996904451338,9.3165996870533,142.9313290485693,0.0,9.454456921145562,ok,2510000,いわき市小名浜,17.9988283505933,2510000,いわき市小名浜,0.0,3,2,40,8,152,32,22.594071368586402,11.905541119278547,2.5133920140699155
i2011_003486,2011-03-23 07:34:56.09,2011,EASTERN FUKUSHIMA PREF,福島県浜通り,37.098166666666664,140.79583333333332,6.69,5.5,821,5.2,6,5+,2510001,いわき市三和町,0.4220359097558454,1994,450,92,0.20444444444444446,3.7,4,4,1.5,2,10.0,0.4220359097558454,160.28612844744296,9.431156344382217,136.95556596239874,0.0,9.453804744317793,ok,2510031,いわき市平梅本（旧２）＊,9.431156344382217,2510020,いわき市平四ツ波＊,5.723126686047103,3,2,40,8,145,32,21.72099835317264,11.905541119278547,2.4340217399413917
i2011_003554,2011-03-23 18:55:20.25,2011,EASTERN FUKUSHIMA PREF,福島県浜通り,37.111,140.76066666666668,8.96,4.7,159,5.1,6,5+,2510001,いわき市三和町,3.696356829010114,1994,450,42,0.09333333333333334,2.8,3,3,2.3,3,10.0,3.696356829010114,77.84100778495973,12.822675357071018,80.93454546397277,0.7397845801355771,9.066671445216052,ok,2510031,いわき市平梅本（旧２）＊,12.822675357071018,2510020,いわき市平四ツ波＊,5.72306186844404,3,1,41,11,106,31,4.206624528811753,11.905541119278547,1.111183837799331
i2011_004302,2011-04-01 19:49:44.12,2011,NORTHERN AKITA PREF,秋田県内陸北部,40.25683333333333,140.364,12.44,5.0,230,5.0,6,5+,2320032,大館市早口（旧）＊,7.378817156114044,1994,450,30,0.06666666666666667,4.5,5,5-,0.5,1,10.0,2.622867782764327,89.87626386830331,2.622867782764327,104.04182004247474,0.0,7.981478647964923,ok,2321070,鷹巣通報所,2.622867782764327,2321000,北秋田市花園町,0.0,9,1,45,4,138,14,6.085054349853479,11.905541119278547,0.7937027412852365
i2011_004633,2011-04-07 23:32:43.46,2011,E OFF MIYAGI PREF,宮城県沖,38.204166666666666,141.92016666666666,65.89,7.2,1860,6.2,8,6+,2205230,栗原市若柳（旧）＊,93.82495287422468,1994,450,227,0.5044444444444445,6.1,8,6+,0.10000000000000053,0,10.0,38.20546542953323,335.3036162148568,56.75280659204033,345.70393556192346,0.0,9.664536154340638,ok,2205271,築館通報所,97.07256075987017,2205220,栗原市築館（旧）＊,1.4579430473651342,0,0,2,0,52,7,49.209569959684664,11.905541119278547,6.005684075724956
i2011_004870,2011-04-11 17:16:12.02,2011,EASTERN FUKUSHIMA PREF,福島県浜通り,36.94566666666667,140.67266666666666,6.42,7.0,1708,5.8,7,6-,2502830,中島村滑津（旧）＊,36.55494874669301,1994,450,192,0.4266666666666667,5.3,6,5+,0.5,1,10.0,12.406039932127454,192.3443800013433,20.207769913907157,228.9292651161667,0.0,9.248308385631399,ok,2510000,いわき市小名浜,20.207769913907157,2510000,いわき市小名浜,0.0,4,0,48,8,178,30,45.188142737172804,11.905541119278547,5.079697544225514
i2011_005192,2011-04-12 14:07:42.28,2011,EASTERN FUKUSHIMA PREF,福島県中通り,37.0525,140.6435,15.08,6.4,1226,5.7,7,6-,2510021,いわき市錦町＊,21.927600480123157,1994,450,137,0.30444444444444446,5.3,6,5+,0.40000000000000036,1,10.0,8.976342419596337,167.94283408168246,21.28568607039734,173.39810923145802,0.0,9.618438477133132,ok,2510000,いわき市小名浜,25.4703103451795,2510000,いわき市小名浜,0.0,4,0,50,11,182,39,32.43598536052333,11.905541119278547,3.6245758518692464
i2011_005534,2011-04-16 11:19:31.67,2011,SW IBARAKI PREF,茨城県南部,36.340833333333336,139.9455,78.8,5.9,1247,5.0,6,5+,3016120,鉾田市当間＊,51.969783013310966,1994,450,137,0.30444444444444446,4.0,4,4,1.0,2,10.0,5.091702418692144,111.33345598902916,24.303742152437493,160.16293969234337,0.0,9.694809841092216,ok,3110000,宇都宮市明保野町,24.303742152437493,3110000,宇都宮市明保野町,0.0,23,0,141,6,546,25,32.991577279423,11.905541119278547,3.6245758518692464
i2011_007193,2011-06-02 11:33:48.07,2011,MID NIIGATA PREF,新潟県中越地方,37.0175,138.705,5.68,4.7,84,5.0,6,5+,3710537,十日町市上山＊,3.640991694741421,1994,450,12,0.02666666666666667,2.8,3,3,2.2,3,10.0,3.640991694741421,44.71370152806636,16.775899543201334,49.97533932085106,0.7406969888679242,7.40696988868681,ok,3710540,十日町市水口沢＊,16.775899543201334,3710540,十日町市水口沢＊,0.0,12,1,49,6,75,10,2.222367675598662,11.905541119278547,0.3174810965140946
i2011_007835,2011-06-30 08:16:37.06,2011,CENTRAL NAGANO PREF,長野県中部,36.1885,137.95466666666667,4.3,5.4,124,5.1,6,5+,4210034,松本市丸の内＊,5.100173295662982,1994,450,16,0.035555555555555556,4.7,5,5-,0.39999999999999947,1,10.0,5.100173295662982,44.39182909442904,6.922708223139194,51.883204332201146,2.1086658260251046,9.171450662548242,ok,4210000,松本市沢村（旧）,6.922708223139194,4210001,松本市沢村,0.0,18,1,72,8,96,13,3.2806379973123105,11.905541119278547,0.4233081286854595
i2011_007957,2011-07-05 19:18:43.44,2011,CENTRAL WAKAYAMA PREF,和歌山県北部,33.9905,135.23416666666665,7.33,5.5,680,5.2,6,5+,5502030,和歌山広川町広（旧）＊,7.835380820250139,1994,450,79,0.17555555555555555,3.4,3,3,1.8000000000000003,3,10.0,5.2513348132715505,118.10229834742569,18.9290937544819,146.00610728328832,0.0,9.714241887397959,ok,5503400,みなべ町土井,18.9290937544819,5503400,みなべ町土井,0.0,18,1,54,5,276,22,17.99059546913203,11.905541119278547,2.0900838853844563
i2011_008289,2011-07-23 13:34:23.87,2011,KINKAZAN REGION,宮城県沖,38.873666666666665,142.09116666666668,47.16,6.4,690,5.0,6,5+,2130320,遠野市松崎町＊,70.20959897728419,1994,450,106,0.23555555555555555,4.8,5,5-,0.20000000000000018,1,10.0,38.29630244530073,218.66502932010746,38.842754900065934,228.6235981734364,0.0,9.365835283269977,ok,2130100,花巻市大迫町,97.1814582504718,2130100,花巻市大迫町,0.0,0,0,9,2,72,13,18.255163049560437,11.905541119278547,2.8044163525411685
i2011_008431,2011-07-31 03:53:50.64,2011,E OFF FUKUSHIMA PREF,福島県沖,36.903166666666664,141.22133333333332,57.31,6.5,1462,5.0,6,5+,2510430,楢葉町北田＊,46.60857392617883,1994,450,168,0.37333333333333335,4.9,5,5-,0.09999999999999964,1,10.0,29.034153818835733,208.79090512081808,29.034153818835733,235.28370722658633,0.0,9.634560768842606,ok,2504734,田村市都路町＊,69.7787450070219,2504734,田村市都路町＊,0.0,0,0,9,2,89,14,38.67978025863386,11.905541119278547,4.444735351197324
i2011_009110,2011-09-07 22:29:43.08,2011,HIDAKA REGION,日高地方中部,42.260666666666665,142.58916666666667,10.23,5.1,39,5.2,6,5+,1510321,新ひだか町三石旭町＊,2.1990688173941093,1994,450,9,0.02,2.9,3,3,2.3000000000000003,3,10.0,2.1990688173941093,84.70321445597422,19.103833783987916,89.21677207828239,4.596298844459489,9.921730235106557,ok,1520000,浦河町潮見（旧）,19.103833783987916,1520002,浦河町潮見,0.0,5,1,9,1,27,6,1.0318135636708075,11.905541119278547,0.23811082238557096
i2011_009443,2011-09-29 19:05:05.66,2011,EASTERN FUKUSHIMA PREF,福島県浜通り,37.1325,140.8695,8.84,5.4,475,5.1,6,5+,2510001,いわき市三和町,7.143924513194264,1994,450,56,0.12444444444444444,3.7,4,4,1.3999999999999995,2,10.0,4.513705961812127,141.27520402173354,9.255285977274683,100.20012621707966,0.7395744962402944,9.33213529172532,ok,2510000,いわき市小名浜,20.472864079271293,2510000,いわき市小名浜,0.0,4,1,38,7,136,28,12.566960070349577,11.905541119278547,1.4815784503991083
i2011_009588,2011-10-05 23:33:27.59,2011,NW KUMAMOTO PREF,熊本県熊本地方,32.914,130.85033333333334,9.69,4.5,183,5.1,6,5+,7410536,菊池市旭志（旧２）＊,4.003143768660875,1994,450,20,0.044444444444444446,2.9,3,3,2.1999999999999997,3,10.0,3.735423522291967,50.46154901781298,17.72801270775798,61.334061614367705,1.7001808821254514,8.727520176381347,ok,7410101,八代市泉町（旧）,40.59733080190718,7414720,熊本美里町永富＊,8.727520176381347,20,1,90,8,170,17,4.841586721839943,11.905541119278547,0.5291351608568243
i2011_010143,2011-11-20 10:23:40.78,2011,NORTHERN IBARAKI PREF,茨城県北部,36.71066666666667,140.58816666666667,8.99,5.3,562,5.2,6,5+,3000131,日立市十王町友部（旧）＊,9.012708086007736,1994,450,59,0.13111111111111112,3.4,3,3,1.8000000000000003,3,10.0,9.012708086007736,111.71465337270774,10.62680357894527,111.85709809351773,0.0,9.214166666666141,ok,3000200,常陸太田市町屋町,10.62680357894527,3000200,常陸太田市町屋町,0.0,9,1,54,5,219,21,14.868698020076762,11.905541119278547,1.560948724527632
i2012_000431,2012-02-08 21:01:37.95,2012,SADOGASHIMA IS REG,佐渡付近,37.86533333333333,138.17083333333332,13.62,5.7,382,5.0,6,5+,3751002,佐渡市相川三町目,19.468024563361308,1994,450,68,0.1511111111111111,5.0,6,5+,0.0,0,10.0,11.263976089332575,150.5676582818578,19.468024563361308,158.9229467128364,0.0,8.979356504984594,ok,3751000,佐渡市相川三町目（旧）,19.468024563361308,3751002,佐渡市相川三町目,0.0,7,2,15,3,104,12,10.106481572365343,11.905541119278547,1.799059546913203
i2012_000796,2012-03-14 21:05:04.32,2012,NEAR CHOSHI CITY,千葉県東方沖,35.74766666666667,140.932,15.08,6.1,938,5.1,6,5+,3015831,神栖市波崎（旧）＊,10.411415237610282,1994,450,96,0.21333333333333335,4.8,5,5-,0.2999999999999998,1,10.0,7.570482155824267,141.99385992516542,7.570482155824267,207.4991343212646,0.0,9.75756419260607,ok,3400000,銚子市川口町,7.570482155824267,3400000,銚子市川口町,0.0,5,1,32,1,167,8,24.816439044185064,11.905541119278547,2.539848772112757
i2012_001474,2012-05-24 00:02:26.59,2012,E OFF AOMORI PREF,青森県東方沖,41.343666666666664,142.12366666666668,59.6,6.1,555,5.4,6,5+,2021031,東北町上北南＊,99.87419529401478,1994,450,85,0.18888888888888888,4.4,4,4,1.0,2,10.0,56.561757456759835,217.28196634127676,76.04839612547126,229.75094773054923,0.0,9.240119320142412,ok,2030000,むつ市金曲,76.04839612547126,2030000,むつ市金曲,0.0,0,0,0,0,19,2,14.683500713776874,11.905541119278547,2.2488244336415035
i2012_002280,2012-08-30 04:05:12.23,2012,E OFF MIYAGI PREF,宮城県沖,38.408166666666666,141.91416666666666,59.9,5.6,547,5.2,6,5+,2220120,仙台宮城野区苦竹＊,86.98101653656249,1994,450,81,0.18,4.3,4,4,0.9000000000000004,2,10.0,38.06471793211443,183.5382315989461,49.36289062342338,169.64044820735472,0.0,8.565023611761598,ok,2220100,仙台宮城野区五輪,89.84182584813699,2220100,仙台宮城野区五輪,0.0,0,0,4,1,80,8,14.471846649434147,11.905541119278547,2.1429974014701383
i2013_000214,2013-02-02 23:17:35.86,2013,TOKACHI REGION,十勝地方南部,42.702,143.2275,101.95,6.5,1144,5.3,6,5+,1560920,浦幌町桜町＊,38.05350795804181,1994,450,149,0.33111111111111113,4.7,5,5-,0.5999999999999996,1,10.0,6.816887090295461,494.44049139449555,14.81683148498103,426.7148881128661,0.0,9.87369712674877,ok,1560000,帯広市東４条,23.88623054465682,1560000,帯広市東４条,0.0,5,1,18,3,58,14,30.266531201010352,11.905541119278547,3.942056948383341
i2013_000374,2013-02-25 16:23:53.58,2013,NORTHERN TOCHIGI PREF,栃木県北部,36.873666666666665,139.41283333333334,2.84,6.3,784,5.0,6,5+,3100021,日光市湯元＊,8.198471674166964,1994,450,88,0.19555555555555557,4.2,4,4,0.7999999999999998,2,10.0,8.198471674166964,106.69888719300903,16.11556297081727,107.57325009266931,0.0,9.332936167893823,ok,2520531,檜枝岐村下ノ原（旧２）＊,16.11556297081727,2520520,檜枝岐村上河原＊,0.0,6,2,41,8,342,39,20.74209830558751,11.905541119278547,2.328194707770027
i2013_000686,2013-04-13 05:33:17.75,2013,AWAJISHIMA ISLAND REGION,淡路島付近,34.41883333333333,134.829,14.85,6.3,1278,5.5,7,6-,5351232,淡路市郡家＊,5.656714706923048,1994,450,120,0.26666666666666666,4.8,5,5-,0.7000000000000002,2,10.0,4.1958844427854896,134.28724268041995,11.525832468383944,169.8253302563828,0.0,9.582078068650503,ok,5350000,洲本市小路谷,11.525832468383944,5350000,洲本市小路谷,0.0,10,1,72,5,421,24,33.811736778751076,11.905541119278547,3.174810965140946
i2013_000752,2013-04-17 17:57:34.37,2013,NEAR MIYAKEJIMA ISLAND,三宅島近海,34.047333333333334,139.353,9.37,6.2,167,5.4,6,5+,3570012,三宅村役場臨時庁舎,12.197633748865831,1994,450,34,0.07555555555555556,5.4,6,5+,0.0,0,10.0,12.197633748865831,150.52237131390967,15.229949821310209,117.66287882314256,1.6900583791463077,9.932813831398084,ok,3570001,三宅村阿古（旧）,15.229949821310209,3570012,三宅村役場臨時庁舎,3.074566849918794,2,2,8,4,18,9,4.418278593154484,11.905541119278547,0.8995297734566015
i2013_001005,2013-05-18 14:47:59.71,2013,E OFF FUKUSHIMA PREF,福島県沖,37.70916666666667,141.62866666666667,46.34,6.0,1001,5.0,6,5+,2220502,石巻市小渕浜,69.0257799016564,1994,450,113,0.2511111111111111,4.1,4,4,0.9000000000000004,2,10.0,57.42093868052856,229.58137934401782,57.579493163860334,199.5478014501671,0.0,9.546939880518497,ok,2510231,相馬市中村（旧２）＊,63.40518967514601,2510231,相馬市中村（旧２）＊,0.0,0,0,0,0,80,16,26.483214800884056,11.905541119278547,2.989613658841057
i2013_001505,2013-08-04 12:28:50.83,2013,E OFF MIYAGI PREF,宮城県沖,38.16266666666667,141.8025,57.97,6.0,829,5.2,6,5+,2220502,石巻市小渕浜,33.963144270484776,1994,450,95,0.2111111111111111,3.9,4,4,1.3000000000000003,2,10.0,30.517587116730898,217.27862096004955,50.79089619057165,180.53280048948363,0.0,9.328927500626513,ok,2205271,築館通報所,92.26671896490038,2205221,栗原市築館＊,0.0,0,0,4,0,87,9,21.93265241751537,11.905541119278547,2.5133920140699155
i2013_001806,2013-09-20 02:25:08.36,2013,EASTERN FUKUSHIMA PREF,福島県浜通り,37.05133333333333,140.69533333333334,16.69,5.9,941,5.2,6,5+,2510032,いわき市平梅本（旧３）＊,16.684740177102878,1994,450,103,0.2288888888888889,5.2,6,5+,0.0,0,10.0,10.747396881392675,157.3415002968669,16.684740177102878,148.52396426820832,0.0,9.678386303902196,ok,2510031,いわき市平梅本（旧２）＊,16.684740177102878,2510032,いわき市平梅本（旧３）＊,0.0,7,1,58,11,192,34,24.895809318313585,11.905541119278547,2.7250460784126456
i2014_000346,2014-03-14 02:06:50.86,2014,IYONADA SETONAIKAI,伊予灘,33.69166666666667,131.89133333333334,78.04,6.2,1799,5.2,6,5+,6222832,西予市明浜町（旧）＊,65.30063533167646,1994,450,166,0.3688888888888889,4.9,5,5-,0.2999999999999998,1,10.0,20.178838285429745,214.6411308124658,30.739876601073455,243.60734187187856,0.0,9.968585716613935,ok,7040270,防府測候所,51.76930524806197,7040220,防府市西浦＊,1.8428333333332318,0,0,43,2,244,19,47.59570771907135,11.905541119278547,4.391821835111642
i2014_001747,2014-11-22 22:08:17.90,2014,NORTHERN NAGANO PREF,長野県北部,36.69283333333333,137.891,4.59,6.7,1360,5.7,7,6-,4200030,長野市戸隠＊,17.166494265174848,1994,450,140,0.3111111111111111,5.3,6,5+,0.40000000000000036,1,10.0,2.311231346949613,177.18543126662388,27.708863536001424,177.40136952306415,0.0,9.333494411433648,ok,4200000,長野市箱清水,27.708863536001424,4200000,長野市箱清水,0.0,8,0,68,5,230,24,35.98119093826406,11.905541119278547,3.70394612599777
i2015_000179,2015-02-06 10:25:12.44,2015,TOKUSHIMA PREF,徳島県南部,33.733666666666664,134.37033333333332,11.15,5.1,347,5.0,6,5+,6011220,牟岐町中村＊,8.595085550001013,1994,450,41,0.09111111111111111,4.1,4,4,0.9000000000000004,2,10.0,7.3837235478245,93.6748984046949,10.422828630250804,126.61844827519839,0.0,9.717181173413778,ok,6011770,日和佐通報所,15.073162046278737,6011731,美波町奥河内＊,0.0,11,2,55,5,182,15,9.180495040865901,11.905541119278547,1.0847270797564899
i2015_000231,2015-02-17 13:46:39.36,2015,NE OFF IWATE PREF,岩手県沖,40.08533333333333,142.112,49.52,5.7,380,5.2,6,5+,2021931,階上町道仏（旧２）＊,58.3991711601676,1994,450,59,0.13111111111111112,4.0,4,4,1.2000000000000002,2,10.0,21.655227098728155,166.4864584062184,26.874791924421228,193.30904103066493,0.0,8.996561099804168,ok,2120070,好摩通報所,84.14133869926918,2120030,盛岡市渋民＊,1.8428333333332283,0,0,14,2,66,7,10.053568056279662,11.905541119278547,1.560948724527632
i2015_000636,2015-05-13 06:12:58.45,2015,E OFF MIYAGI PREF,宮城県沖,38.862833333333334,142.15016666666668,46.24,6.8,1383,5.3,6,5+,2130100,花巻市大迫町,101.70517161116042,1994,450,156,0.3466666666666667,5.3,6,5+,0.0,0,10.0,43.49090023363306,347.10910819608114,43.799751099334,287.33572642155127,0.0,9.656551673826863,ok,2130100,花巻市大迫町,101.70517161116042,2130100,花巻市大迫町,0.0,0,0,5,2,71,12,36.5896963732494,11.905541119278547,4.12725425468323
i2015_000733,2015-05-30 20:23:02.28,2015,W OFF OGASAWARA,小笠原諸島西方沖,27.860833333333332,140.6825,681.71,8.1,1950,5.1,6,5+,3603930,二宮町中里＊,838.2219591555727,1994,450,240,0.5333333333333333,4.2,4,4,0.8999999999999995,2,10.0,170.51939009436921,958.5315865368132,170.51939009436921,1051.074062472052,0.0,9.868357459596092,ok,3590000,小笠原村父島西町,170.51939009436921,3590000,小笠原村父島西町,0.0,0,0,0,0,0,0,51.59067818354037,11.905541119278547,6.349621930281892
i2015_000951,2015-07-13 02:52:05.94,2015,SOUTHERN OITA PREF,大分県南部,32.992666666666665,131.85516666666666,58.04,5.7,920,5.0,6,5+,7520035,佐伯市鶴見（旧）＊,11.432333163299822,1994,450,92,0.20444444444444446,4.4,4,4,0.5999999999999996,2,10.0,3.536364179338466,146.32864275689548,12.799532955173962,158.52357423116229,0.0,9.725594520478158,ok,6220000,宇和島市住吉町,70.02898164570135,6220000,宇和島市住吉町,0.0,14,1,42,3,166,16,24.340217399413916,11.905541119278547,2.4340217399413917
i2016_000476,2016-04-14 21:26:34.43,2016,NW KUMAMOTO PREF,熊本県熊本地方,32.74166666666667,130.80866666666665,11.39,6.5,823,6.6,9,7,7413931,益城町宮園（旧２）＊,4.693128731139875,1994,450,97,0.21555555555555556,5.3,6,5+,1.2999999999999998,3,10.0,2.89567539752602,106.33927353168762,13.14370471455924,156.21344192938423,0.0,9.659285671864776,ok,7414970,浜町通報所,17.581829887023467,7414921,山都町下馬尾＊,0.0,24,2,94,7,360,29,21.77391186925832,11.905541119278547,2.5663055301555984
i2016_000522,2016-04-14 22:07:35.29,2016,NW KUMAMOTO PREF,熊本県熊本地方,32.7755,130.8495,8.26,5.8,598,5.7,7,6-,7413931,益城町宮園（旧２）＊,3.190730469423592,1994,450,65,0.14444444444444443,4.8,5,5-,0.9000000000000004,2,10.0,3.190730469423592,90.53878459827783,14.704556249024023,109.35511229109446,0.0,9.657753428913443,ok,7415370,熊本市京町（旧）,14.704556249024023,7415330,熊本中央区大江＊,2.4144383572292463,25,2,92,7,371,29,15.821141309619046,11.905541119278547,1.7196892727846789
i2016_000599,2016-04-15 00:03:46.45,2016,NW KUMAMOTO PREF,熊本県熊本地方,32.70066666666666,130.77766666666668,6.71,6.4,695,6.0,8,6+,7413931,益城町宮園（旧２）＊,9.889391124972377,1994,450,83,0.18444444444444444,4.8,5,5-,1.2000000000000002,3,10.0,2.74437045954418,99.49848777256315,14.802717259064007,135.2235708804879,0.0,9.661141047260513,ok,7414970,浜町通報所,19.342599924190573,7414921,山都町下馬尾＊,0.0,25,3,95,8,349,28,18.387446839774647,11.905541119278547,2.195910917555821
i2016_000600,2016-04-15 00:06:21.30,2016,SOUTHERN KUMAMOTO PREF,熊本県熊本地方,32.695,130.7525,10.52,5.0,417,5.2,6,5+,7413931,益城町宮園（旧２）＊,11.510643917196681,1994,450,44,0.09777777777777778,4.3,4,4,0.9000000000000004,2,10.0,3.0034070522200977,77.98578008507334,14.391987808169903,90.14685291666905,0.0,9.661397357741588,ok,7414970,浜町通報所,21.641038947203658,7414921,山都町下馬尾＊,0.0,22,2,94,6,294,25,11.032468103864787,11.905541119278547,1.1640973538850135
i2016_000828,2016-04-16 01:25:05.47,2016,NW KUMAMOTO PREF,熊本県熊本地方,32.7545,130.763,12.45,7.3,1798,6.7,9,7,7413931,益城町宮園（旧２）＊,5.954631442487422,1994,450,185,0.4111111111111111,6.0,8,6+,0.7000000000000002,1,10.0,2.6491179032114025,293.38434097211024,9.081247712024387,330.96995373420583,0.0,9.72827694044249,ok,7415370,熊本市京町（旧）,9.081247712024387,7415330,熊本中央区大江＊,2.414676150472756,25,1,97,7,374,31,47.56925096102851,11.905541119278547,4.894500237925626
i2016_000855,2016-04-16 01:45:55.45,2016,NW KUMAMOTO PREF,熊本県熊本地方,32.863166666666665,130.899,10.55,5.9,737,5.8,7,6-,7415130,合志市竹迫＊,11.032386115405188,1994,450,82,0.18222222222222223,4.7,5,5-,1.0999999999999996,2,10.0,2.6775346507199616,97.07517377035195,15.818107030598673,137.21729898467333,0.0,9.653778226705562,ok,7415370,熊本市京町（旧）,19.2971620267406,7415330,熊本中央区大江＊,2.413444556677273,20,2,94,7,387,28,19.498630677573978,11.905541119278547,2.1694541595129797
i2016_001025,2016-04-16 03:03:10.78,2016,NE KUMAMOTO PREF,熊本県阿蘇地方,32.96383333333333,131.08683333333337,6.89,5.9,506,5.2,6,5+,7401120,阿蘇市一の宮町＊,4.387624104870966,1994,450,52,0.11555555555555555,5.0,6,5+,0.20000000000000018,0,10.0,3.4506955503726573,84.72169792714722,9.14697050071851,109.13197922891658,0.7783254987114105,9.649204752499282,ok,7401200,南阿蘇村中松,9.14697050071851,7401200,南阿蘇村中松,0.0,11,1,79,6,332,22,13.387119569677655,11.905541119278547,1.3757514182277433
i2016_001131,2016-04-16 03:55:53.08,2016,NE KUMAMOTO PREF,熊本県阿蘇地方,33.0265,131.191,10.89,5.8,574,6.1,8,6+,7400431,産山村山鹿＊,3.7960935475826276,1994,450,65,0.14444444444444443,5.0,6,5+,1.0999999999999996,2,10.0,3.7960935475826276,93.20058158155604,19.69785718160769,127.70125900206357,0.0,9.646352959822988,ok,7401200,南阿蘇村中松,19.69785718160769,7401200,南阿蘇村中松,0.0,11,1,77,6,331,23,15.186179116590857,11.905541119278547,1.7196892727846789
i2016_001583,2016-04-16 09:48:32.68,2016,NW KUMAMOTO PREF,熊本県熊本地方,32.847,130.835,15.91,5.4,528,5.5,7,6-,7410536,菊池市旭志（旧２）＊,11.538396676123233,1994,450,55,0.12222222222222222,4.1,4,4,1.4000000000000004,3,10.0,2.1923708629787386,83.77871348384818,13.056688599578942,100.35880015740167,0.0,9.654511833390835,ok,7414970,浜町通報所,22.88162447751481,7414921,山都町下馬尾＊,0.0,19,1,96,7,367,27,13.969168246620162,11.905541119278547,1.4551216923562669
i2016_002591,2016-04-18 20:41:57.94,2016,NE KUMAMOTO PREF,熊本県阿蘇地方,33.002,131.19983333333334,8.64,5.8,598,5.4,6,5+,7400431,産山村山鹿＊,1.585466817580947,1994,450,66,0.14666666666666667,4.5,5,5-,0.9000000000000004,1,10.0,1.585466817580947,96.13044820540813,18.125498690285298,131.58232945840714,0.0,9.647468320538179,ok,7401200,南阿蘇村中松,18.125498690285298,7401200,南阿蘇村中松,0.0,13,1,79,6,327,23,15.821141309619046,11.905541119278547,1.7461460308275203
i2016_002773,2016-04-19 17:52:13.69,2016,SOUTHERN KUMAMOTO PREF,熊本県熊本地方,32.53516666666667,130.63533333333334,9.96,5.5,440,5.2,6,5+,7410120,八代市松江城町＊,5.125088512467785,1994,450,49,0.10888888888888888,3.1,3,3,2.1,3,10.0,0.276966833421954,85.20740987771123,17.077397569027525,91.24142607875339,0.0,9.668614427545767,ok,7420000,人吉市城本町,37.01653749526536,7420001,人吉市西間下町,2.417153606886875,19,1,100,8,308,30,11.640973538850135,11.905541119278547,1.2963811440992195
i2016_003518,2016-04-29 15:09:34.33,2016,NORTHERN OITA PREF,大分県中部,33.25783333333333,131.368,7.44,4.5,18,5.0,6,5+,7511134,由布市湯布院町川上（旧２）＊,1.9405424166997811,1994,450,1,0.0022222222222222222,1.2,1,1,3.8,5,10.0,1.9405424166997811,19.52109420366117,23.284818309375886,23.284818309375886,0.0,0.0,ok,7510000,大分市長浜（旧）,23.284818309375886,7510001,大分市長浜,0.0,10,0,18,1,18,1,0.4762216447711419,11.905541119278547,0.026456758042841217
i2016_004428,2016-06-16 14:21:28.20,2016,UCHIURA BAY REGION,内浦湾,41.9485,140.987,10.51,5.3,172,5.8,7,6-,1060023,函館市川汲町＊,5.64923983600222,1994,450,22,0.04888888888888889,4.4,4,4,1.3999999999999995,3,10.0,5.64923983600222,116.71112738636486,8.197887190371246,108.56900613254422,0.0,7.822212639742362,ok,1060001,函館市尾札部町,8.197887190371246,1060001,函館市尾札部町,0.0,4,1,18,4,68,10,4.550562383368689,11.905541119278547,0.5820486769425067
i2016_005458,2016-10-21 14:07:22.57,2016,EASTERN TOTTORI PREF,鳥取県中部,35.3805,133.85616666666667,10.61,6.6,1596,5.8,7,6-,5621230,北栄町土下（旧）＊,11.981523948710759,1994,450,151,0.33555555555555555,4.9,5,5-,0.8999999999999995,2,10.0,3.5948439941002968,197.10159291355876,3.5948439941002968,244.18914736610225,0.0,9.795993416374017,ok,5620000,倉吉市岩倉長峯,3.5948439941002968,5620000,倉吉市岩倉長峯,0.0,14,1,73,4,231,17,42.22498583637458,11.905541119278547,3.994970464469024
i2016_006541,2016-12-28 21:38:49.04,2016,NORTHERN IBARAKI PREF,茨城県北部,36.720166666666664,140.57416666666666,10.84,6.3,1194,5.5,7,6-,3000331,高萩市下手綱＊,11.309740539207526,1994,450,129,0.2866666666666667,3.8,4,4,1.7000000000000002,3,10.0,8.22661722297979,146.5729427478496,11.528114572985167,172.32481908313008,0.0,9.65424785743458,ok,3000200,常陸太田市町屋町,11.528114572985167,3000200,常陸太田市町屋町,0.0,10,1,62,5,234,22,31.589369103152414,11.905541119278547,3.4129217875265168
i2017_000895,2017-06-20 23:27:41.45,2017,HYUGANADA REGION,豊後水道,32.86816666666667,132.03066666666666,41.72,5.0,280,5.0,6,5+,7520035,佐伯市鶴見（旧）＊,10.885551571651641,1994,450,39,0.08666666666666667,3.3,3,3,1.7000000000000002,3,10.0,6.972514377534342,108.36533004206458,34.24555489912572,124.44487445137679,3.620726313694787,9.653551288933096,ok,7611070,高千穂通報所,70.34565870116417,7611000,高千穂町三田井,0.0,7,0,30,2,127,15,7.40789225199554,11.905541119278547,1.0318135636708075
i2017_000919,2017-06-25 07:02:15.36,2017,WESTERN NAGANO PREF,長野県南部,35.868,137.5865,6.66,5.6,889,5.1,6,5+,4223630,王滝村役場＊,6.588309365906856,1994,450,94,0.2088888888888889,5.1,6,5+,0.0,0,10.0,4.67112360122541,121.50605615254864,4.67112360122541,132.90614509273917,0.0,9.744900252474768,ok,4223970,三岳通報所,4.67112360122541,4223933,木曽町三岳＊,0.0,8,1,75,9,312,30,23.520057900085842,11.905541119278547,2.4869352560270745
i2017_001075,2017-07-11 11:56:35.47,2017,SATSUMA PENINSULA REGION,鹿児島湾,31.384,130.62,10.23,5.3,142,5.4,6,5+,7700021,鹿児島市喜入町＊,6.64531462006183,1994,450,25,0.05555555555555555,4.5,5,5-,0.9000000000000004,1,10.0,6.64531462006183,62.134886815435024,19.616017727307106,63.89660402245149,0.0,7.289904803832613,ok,7700001,鹿児島市下福元,21.855673632592087,7700001,鹿児島市下福元,0.0,5,1,55,8,123,21,3.7568596420834526,11.905541119278547,0.6614189510710303
i2017_001439,2017-09-08 22:23:18.14,2017,SOUTHERN AKITA PREF,秋田県内陸南部,39.50116666666667,140.41933333333333,9.42,5.2,205,5.1,6,5+,2333031,大仙市神宮寺（旧）＊,1.2081867841502303,1994,450,37,0.08222222222222222,3.3,3,3,1.7999999999999998,3,10.0,1.2081867841502303,84.31581288319713,21.54447954209692,100.21920543898072,1.8428333333332318,9.21416666666693,ok,2332900,秋田美郷町六郷東根,21.54447954209692,2332900,秋田美郷町六郷東根,0.0,15,0,52,5,118,18,5.423635398782449,11.905541119278547,0.9789000475851249
i2018_000435,2018-04-09 01:32:30.81,2018,SHIMANE HIROSHIMA BORDER,島根県西部,35.184666666666665,132.58666666666667,12.13,6.1,873,5.4,6,5+,5710230,大田市大田町（旧）＊,8.057938558699135,1994,450,87,0.19333333333333333,5.4,6,5+,0.0,0,10.0,8.057938558699135,162.26728130766907,8.127414770095239,200.43728207450144,0.0,9.700427111419081,ok,5710200,大田市川合町,8.127414770095239,5710230,大田市大田町（旧）＊,3.6856666666672426,7,1,45,1,166,13,23.09674977140038,11.905541119278547,2.301737949727186
i2018_000704,2018-05-25 21:13:42.23,2018,MID NIIGATA PREF,長野県北部,36.94083333333333,138.58966666666666,5.58,5.2,182,5.3,6,5+,4203130,栄村北信＊,4.759174276034166,1994,450,34,0.07555555555555556,2.7,3,3,2.5999999999999996,3,10.0,4.759174276034166,63.01558755163482,28.16259388804031,96.71850167716943,2.1041031738601177,9.461492057541712,ok,3710540,十日町市水口沢＊,28.16259388804031,3710540,十日町市水口沢＊,0.0,7,0,66,5,130,17,4.8151299637971015,11.905541119278547,0.8995297734566015
i2018_000842,2018-06-18 07:58:34.14,2018,KYOTO OSAKA BORDER REG,大阪府北部,34.84433333333333,135.62166666666667,12.98,6.1,1341,5.6,7,6-,5202230,大阪北区茶屋町＊,18.02759784912536,1994,450,128,0.28444444444444444,4.5,5,5-,1.0999999999999996,2,10.0,0.77796011967895,131.88918090753725,20.309930416824084,158.6177022286491,0.0,9.851534153849398,ok,5113634,南丹市八木町八木＊,26.000046854364566,5113634,南丹市八木町八木＊,0.0,54,0,206,9,465,34,35.47851253545007,11.905541119278547,3.386465029483676
i2018_001267,2018-09-06 03:07:59.33,2018,ISHIKARI DEPRESSION,胆振地方中東部,42.69083333333333,142.00666666666666,37.04,6.7,623,6.5,9,7,1460600,厚真町鹿沼,11.053716326396266,1994,450,105,0.23333333333333334,5.6,7,6-,0.9000000000000004,2,10.0,10.479438576030523,224.98570221861218,14.468832990088483,224.1650195264957,0.0,9.874916130831547,ok,1500070,日高門別通報所,19.489071346472944,1500021,日高地方日高町門別＊,3.929866594926111,6,2,27,5,107,15,16.48256026069008,11.905541119278547,2.777959594498328
i2019_000014,2019-01-03 18:10:27.64,2019,NORTHERN ARIAKEKAI REG,熊本県熊本地方,33.02733333333333,130.55433333333335,10.44,5.1,452,5.5,7,6-,7415232,和水町江田＊,6.4862655433980665,1994,450,49,0.10888888888888888,4.0,4,4,1.5,3,10.0,4.791677035134814,69.03602328226472,7.024371002803753,104.13599245869128,1.8428333333332247,9.646315012659612,ok,7410300,玉名市築地,7.024371002803753,7410300,玉名市築地,0.0,26,1,139,8,352,23,11.958454635364228,11.905541119278547,1.2963811440992195
i2019_000257,2019-02-21 21:22:40.49,2019,ISHIKARI DEPRESSION,胆振地方中東部,42.76616666666666,142.00333333333333,33.3,5.8,283,5.9,7,6-,1460600,厚真町鹿沼,18.06983694509971,1994,450,45,0.1,3.9,4,4,2.0000000000000004,3,10.0,10.612229228811973,119.38877197683087,21.314676021039936,119.44388322341902,0.0,9.866688747368352,ok,1460100,苫小牧市しらかば,40.60933358701876,1460120,苫小牧市旭町＊,4.482504137341894,5,0,27,5,107,15,7.487262526124064,11.905541119278547,1.1905541119278547
i2019_000749,2019-06-18 22:22:19.98,2019,W OFF YAMAGATA PREF,山形県沖,38.608,139.47933333333333,13.99,6.7,1051,6.1,8,6+,3720337,村上市府屋＊,11.188603144464368,1994,450,132,0.29333333333333333,5.8,7,6-,0.2999999999999998,1,10.0,9.087416940639871,202.08868132517594,20.64257974563097,176.74668550428584,0.0,9.659646575419671,ok,2400001,鶴岡市温海川,20.64257974563097,2400001,鶴岡市温海川,0.0,3,0,25,4,114,13,27.80605270302612,11.905541119278547,3.4922920616550406
i2020_000273,2020-03-13 02:18:46.77,2020,NOTO PENINSULA REGION,石川県能登地方,37.279666666666664,136.8245,12.33,5.5,306,5.1,6,5+,3900102,輪島市鳳至町,13.320570165457701,1994,450,52,0.11555555555555555,5.1,6,5+,0.0,0,10.0,5.1329926856583015,140.47758257543677,13.320570165457701,160.60395101238944,0.0,9.33167898678911,ok,3900100,輪島市鳳至町（旧）,13.320570165457701,3900102,輪島市鳳至町,0.0,7,1,23,2,87,11,8.095767961109411,11.905541119278547,1.3757514182277433
i2021_000191,2021-02-13 23:07:50.51,2021,E OFF FUKUSHIMA PREF,福島県沖,37.728833333333334,141.6985,55.38,7.3,2216,6.1,8,6+,2500734,国見町藤田＊,102.35182118108271,1994,450,247,0.5488888888888889,6.1,8,6+,0.0,0,10.0,63.82594574597665,305.916870912059,64.0864082726203,343.971503487771,0.0,9.330282206532589,ok,2500731,国見町藤田（旧２）＊,102.35182118108271,2500734,国見町藤田＊,0.0,0,0,0,0,68,13,58.628175822936136,11.905541119278547,6.5348192365817805
i2021_000457,2021-03-20 18:09:44.83,2021,KINKAZAN REGION,宮城県沖,38.468,141.62766666666667,59.46,6.9,1809,5.3,6,5+,2201600,涌谷町新町裏,43.62662439556874,1994,450,205,0.45555555555555555,4.9,5,5-,0.39999999999999947,1,10.0,15.598676740536925,325.29726692513935,24.25960306451235,303.0041591042235,0.0,9.327970918894536,ok,2500731,国見町藤田（旧２）＊,114.45610977272494,2500734,国見町藤田＊,0.0,1,0,33,2,111,15,47.86027529949976,11.905541119278547,5.423635398782449
i2021_000962,2021-05-01 10:27:26.90,2021,E OFF MIYAGI PREF,宮城県沖,38.174,141.74,51.42,6.8,1588,5.2,6,5+,2220534,石巻市桃生町＊,61.08342025846571,1994,450,181,0.4022222222222222,4.6,5,5-,0.6000000000000005,1,10.0,25.212579740819834,297.88555889747806,45.822463014353815,276.232747714933,0.0,9.664900654838913,ok,2500731,国見町藤田（旧２）＊,109.12566576158304,2500734,国見町藤田＊,0.0,0,0,6,2,101,13,42.013331772031854,11.905541119278547,4.78867320575426
i2021_001722,2021-10-06 02:46:02.33,2021,NE OFF IWATE PREF,岩手県沖,40.00716666666667,142.25483333333332,56.2,5.9,504,5.1,6,5+,2021931,階上町道仏（旧２）＊,73.21024205385633,1994,450,78,0.17333333333333334,4.6,5,5-,0.5,1,10.0,31.652858026440338,190.17487065044975,34.082150176134185,227.05859764060136,0.0,9.642571221142644,ok,2120070,好摩通報所,94.08158737088786,2120030,盛岡市渋民＊,1.8428333333332283,0,0,10,2,51,6,13.334206053591974,11.905541119278547,2.063627127341615
i2021_001733,2021-10-07 22:41:23.05,2021,CENTRAL CHIBA PREF,千葉県北西部,35.590833333333336,140.10333333333332,74.99,5.9,1284,5.1,6,5+,3502054,東京足立区伊興＊,35.96410973345086,1994,450,133,0.29555555555555557,4.5,5,5-,0.5999999999999996,1,10.0,1.0629141130697362,124.38787955180528,1.0629141130697362,198.584269762614,0.0,9.69567542446744,ok,3410000,千葉中央区中央港（旧）,1.0629141130697362,3410001,千葉中央区中央港,0.0,17,1,214,4,524,19,33.97047732700812,11.905541119278547,3.5187488196978816
i2021_002244,2021-12-09 11:05:08.01,2021,NEAR TOKARA ISLANDS,トカラ列島近海,29.342833333333335,129.4505,14.0,6.1,22,5.3,6,5+,7740040,鹿児島十島村悪石島＊,18.755422757062473,1994,450,6,0.013333333333333334,2.2,2,2,3.0999999999999996,4,10.0,18.054188228401166,105.40463822129237,69.27769491280192,115.74600279478364,0.0,6.093034641454921,ok,7780800,喜界町滝川,124.69149176484798,7780800,喜界町滝川,0.0,2,0,5,0,8,1,0.5820486769425067,11.905541119278547,0.1587405482570473
i2022_000019,2022-01-04 06:08:51.58,2022,NEAR CHICHIJIMA ISLAND,父島近海,27.0665,142.11333333333334,77.0,6.1,3,5.1,6,5+,3590003,小笠原村母島,48.66404967236705,1994,450,2,0.0044444444444444444,4.1,4,4,1.0,2,10.0,7.8678338625065045,7.8678338625065045,7.8678338625065045,7.8678338625065045,0.0,0.0,ok,3590000,小笠原村父島西町,7.8678338625065045,3590000,小笠原村父島西町,0.0,2,2,3,2,3,2,0.07937027412852365,11.905541119278547,0.052913516085682434
i2022_000090,2022-01-22 01:08:37.51,2022,HYUGANADA REGION,日向灘,32.716166666666666,132.07233333333335,44.64,6.6,1311,5.3,6,5+,7520001,佐伯市蒲江蒲江浦,17.285527792374324,1994,450,128,0.28444444444444444,5.0,6,5+,0.2999999999999998,0,10.0,17.285527792374324,189.6389594382249,42.20938792119936,200.5241497178032,0.0,9.728707669116826,ok,7611070,高千穂通報所,72.25523081015793,7611000,高千穂町三田井,0.0,1,0,18,3,124,13,34.684809794164835,11.905541119278547,3.386465029483676
i2022_000392,2022-03-16 23:36:32.63,2022,E OFF FUKUSHIMA PREF,福島県沖,37.696666666666665,141.623,56.61,7.4,2305,6.4,8,6+,2500734,国見町藤田＊,96.54498566051151,1994,450,257,0.5711111111111111,6.4,8,6+,0.0,0,10.0,56.73443248570412,305.27793655393543,56.73443248570412,351.8496391788007,0.0,9.330382435982777,ok,2500731,国見町藤田（旧２）＊,96.54498566051151,2500734,国見町藤田＊,0.0,0,0,0,0,81,16,60.98282728874901,11.905541119278547,6.799386817010192
i2022_000463,2022-03-18 23:25:16.39,2022,E OFF IWATE PREF,岩手県沖,39.99033333333333,142.00483333333332,18.06,5.6,281,5.2,6,5+,2101230,野田村野田＊,21.303368076328315,1994,450,38,0.08444444444444445,3.1,3,3,2.1,3,10.0,10.405812009290125,144.6430656023354,13.373031036560532,136.7071621742832,0.0,8.006153264881517,ok,2100600,田野畑村田野畑,13.373031036560532,2100600,田野畑村田野畑,0.0,3,1,18,2,72,10,7.434349010038381,11.905541119278547,1.005356805627966
i2022_000991,2022-06-19 15:08:07.59,2022,NOTO PENINSULA REGION,石川県能登地方,37.51533333333333,137.27633333333333,13.14,5.4,231,5.5,7,6-,3900220,珠洲市正院町＊,7.290955352717033,1994,450,34,0.07555555555555556,4.4,4,4,1.0999999999999996,3,10.0,7.290955352717033,118.30500584054953,10.784706714021672,125.26657391002621,0.0,9.020051176843632,ok,3900200,珠洲市三崎町,10.784706714021672,3900200,珠洲市三崎町,0.0,4,1,11,3,65,9,6.111511107896321,11.905541119278547,0.8995297734566015
i2022_001017,2022-06-20 10:31:34.45,2022,NOTO PENINSULA REGION,石川県能登地方,37.522,137.322,13.86,5.0,173,5.0,6,5+,3900220,珠洲市正院町＊,8.702668351419316,1994,450,29,0.06444444444444444,3.9,4,4,1.1,2,10.0,8.702668351419316,107.76635487507836,8.923508975051263,111.95771850853792,0.0,9.433006060515737,ok,3900200,珠洲市三崎町,8.923508975051263,3900200,珠洲市三崎町,0.0,3,1,9,2,64,10,4.57701914141153,11.905541119278547,0.7672459832423952
i2022_001276,2022-08-11 00:53:00.16,2022,SOYA REGION,上川地方北部,44.848333333333336,142.11233333333334,4.7,5.4,45,5.1,6,5+,1250920,上川中川町中川＊,5.036531386093359,1994,450,11,0.024444444444444446,2.2,2,2,2.8999999999999995,4,10.0,5.036531386093359,62.72177860933946,38.28855022540006,71.30958892721223,0.0,1.8428333333340134,ok,1350000,稚内市開運（旧）,71.59740894351387,1350002,稚内市開運,0.0,3,0,17,2,40,10,1.1905541119278547,11.905541119278547,0.29102433847125336
i2022_001714,2022-11-09 17:40:12.56,2022,SW IBARAKI PREF,茨城県南部,36.18633333333333,140.02666666666667,51.37,4.9,670,5.1,6,5+,3003336,城里町小勝＊,37.86735560614095,1994,450,52,0.11555555555555555,3.8,4,4,1.2999999999999998,2,10.0,5.395166493511325,67.98352572081609,14.996070230021674,104.81108271398975,0.0,9.49809776813807,ok,3110000,宇都宮市明保野町,42.90054656865015,3110000,宇都宮市明保野町,0.0,24,3,174,5,556,24,17.726027888703616,11.905541119278547,1.3757514182277433
